{
    "n_estimators": [
        1,
        11,
        21,
        31,
        41,
        51,
        61,
        71,
        81,
        91,
        101,
        111,
        121,
        131,
        141,
        151,
        161,
        171,
        181,
        191
    ],
    "train_loss": [
        3.656602517736523,
        0.10439246762222648,
        0.10463749041616446,
        0.10328292275458247,
        0.10035936406874697,
        0.10106652279972184,
        0.10099429299730964,
        0.10102499711531422,
        0.09990231626025964,
        0.10037370614340818,
        0.09956441833812132,
        0.09908986671589026,
        0.09914096964714977,
        0.09895707783043421,
        0.0988619652973764,
        0.09886500411453103,
        0.09933099106076841,
        0.09975683615506757,
        0.09992666149469902,
        0.099962484604613
    ],
    "test_loss": [
        6.9987676483722625,
        0.25875820208997646,
        0.2975544137549027,
        0.26757841408474786,
        0.26831979053550736,
        0.26590905573347334,
        0.2666144349764679,
        0.26979895495004763,
        0.26779940365441746,
        0.26688652167541227,
        0.2658633779147432,
        0.26772849802149984,
        0.2689147970769818,
        0.26752509902730476,
        0.2653893541993987,
        0.26472881557548805,
        0.26448714449850447,
        0.26427003587284764,
        0.26548846925773784,
        0.26217455869114054
    ]
}